[
  {
    "date": "February 13, 2026",
    "dateIso": "2026-02-13T03:34:56.226Z",
    "path": "cilium-tgw",
    "title": "Cilium Tgw"
  },
  {
    "date": "February 13, 2026",
    "dateIso": "2026-02-13T10:34:36+07:00",
    "path": "postgres-pooling",
    "title": "Postgres Pooling"
  },
  {
    "date": "January 1, 2026",
    "dateIso": "2026-01-01T11:04:31-05:00",
    "path": "lifting",
    "title": "Lifting"
  },
  {
    "date": "April 3, 2024",
    "dateIso": "2024-04-02T22:14:43-04:00",
    "path": "nova",
    "title": "Nova"
  },
  {
    "date": "December 10, 2023",
    "dateIso": "2023-12-09T22:22:15-05:00",
    "path": "netherlands",
    "title": "Netherlands"
  },
  {
    "date": "December 10, 2023",
    "dateIso": "2023-12-09T22:00:28-05:00",
    "path": "bellevue",
    "title": "Bellevue"
  },
  {
    "date": "December 10, 2023",
    "dateIso": "2023-12-09T22:00:28-05:00",
    "path": "london",
    "title": "London"
  },
  {
    "date": "August 6, 2023",
    "dateIso": "2023-08-05T15:48:37-04:00",
    "path": "cancun",
    "title": "Cancun"
  },
  {
    "date": "June 4, 2023",
    "dateIso": "2023-06-04T00:40:16-04:00",
    "path": "south-korea",
    "title": "South Korea"
  },
  {
    "date": "April 24, 2023",
    "dateIso": "2023-04-23T16:06:21-04:00",
    "path": "manhattan",
    "title": "Manhattan"
  },
  {
    "date": "April 24, 2023",
    "dateIso": "2023-04-23T16:02:30-04:00",
    "path": "dreamliner",
    "title": "Dreamliner"
  },
  {
    "date": "January 3, 2023",
    "dateIso": "2023-01-02T19:11:36-08:00",
    "path": "las-vegas",
    "title": "Las Vegas"
  },
  {
    "date": "January 3, 2023",
    "dateIso": "2023-01-02T19:11:36-08:00",
    "path": "zombie-companies",
    "title": "Zombie Companies"
  },
  {
    "date": "November 14, 2022",
    "dateIso": "2022-11-13T16:37:45-05:00",
    "path": "mexico-city",
    "title": "Mexico City"
  },
  {
    "date": "September 18, 2022",
    "dateIso": "2022-09-17T16:18:47-04:00",
    "path": "portugal",
    "title": "Portugal"
  }
]
